Feature,MLP,XGBoost,CatBoost,Logistic_Regression,Margin
ALTITUDE_ADVANTAGE,0.0007947639083683733,0.004629227,0.1923386882945111,0.052219690513207975,0.48565948
ALTITUDE_B2B_PENALTY,0.0003038803179055527,0.0053227185,0.15386768089229674,0.000637877088161118,0.029167874
AWAY_3_IN_4,,0.00507425,0.08435205835419825,,
AWAY_4_IN_5,,0.0,0.08126813347512822,,
AWAY_ACTIVE_ROSTER_BENCH_IMPACT,,0.0037454679,0.5571375098384639,,
AWAY_ACTIVE_ROSTER_BENCH_SHARE,,0.003178243,0.1751655006473874,,
AWAY_ACTIVE_ROSTER_EXPECTED_DBPM,,0.0034210295,0.2992225076503777,,
AWAY_ACTIVE_ROSTER_EXPECTED_EFG,,0.0033829254,0.15672922330796757,,
AWAY_ACTIVE_ROSTER_EXPECTED_FTR,,0.0027721487,0.02783183670117805,,
AWAY_ACTIVE_ROSTER_EXPECTED_NET_BPM,,0.003930563,0.226996438441209,,
AWAY_ACTIVE_ROSTER_EXPECTED_OBPM,,0.003407167,0.12868421230487118,,
AWAY_ACTIVE_ROSTER_EXPECTED_OREB,,0.0038368076,0.23438865688754462,,
AWAY_ACTIVE_ROSTER_EXPECTED_TOV,,0.003548633,0.06170860896567714,,
AWAY_ACTIVE_ROSTER_FORM_MAX,,0.0031431532,0.04048841350198307,,
AWAY_ACTIVE_ROSTER_FORM_STD,,0.00267368,0.15898200650827762,,
AWAY_ACTIVE_ROSTER_FORM_SUM,,0.0044540963,0.15603566346348832,,
AWAY_ACTIVE_ROSTER_ROBUST_FORM_MAX,,0.0030061333,0.0689002019558298,,
AWAY_ACTIVE_ROSTER_ROBUST_FORM_SUM,,0.0035246403,0.24142166980725974,,
AWAY_ACTIVE_ROSTER_STAR_SHARE,,0.0030110914,0.08851634020254989,,
AWAY_ACTIVE_ROSTER_TOP_2_SHARE,,0.0035706335,0.17486762647497464,,
AWAY_ACTIVE_ROSTER_TOP_3_SHARE,,0.0036742466,0.18822452212642524,,
AWAY_ALTITUDE,,0.004211176,0.24074624121447072,,
AWAY_B2B,-0.004441327723235205,0.008068255,0.8006290472007814,0.13772037473329374,0.721075
AWAY_FATIGUE_EWMA_MINUTES_10_MAX,,0.004512458,0.12453441425990468,,
AWAY_FATIGUE_EWMA_MINUTES_10_MEAN,,0.008726033,1.8116964998800762,,
AWAY_FATIGUE_EWMA_MINUTES_10_STD,,0.005569278,0.8785042384811294,,
AWAY_FATIGUE_EWMA_MINUTES_10_SUM,,0.0066349846,0.8143387306498141,,
AWAY_FATIGUE_EWMA_MINUTES_3_MAX,,0.0037371402,0.27058088343630465,,
AWAY_FATIGUE_EWMA_MINUTES_3_MEAN,,0.0085897995,1.8822297112620026,,
AWAY_FATIGUE_EWMA_MINUTES_3_STD,,0.006545496,0.977928383098417,,
AWAY_FATIGUE_EWMA_MINUTES_3_SUM,,0.0071335644,1.4460605711058314,,
AWAY_FATIGUE_EWMA_MINUTES_5_MAX,,0.004459348,0.19241155391537854,,
AWAY_FATIGUE_EWMA_MINUTES_5_MEAN,,0.008067192,1.1568551567372753,,
AWAY_FATIGUE_EWMA_MINUTES_5_STD,,0.00667948,0.5766604387815216,,
AWAY_FATIGUE_EWMA_MINUTES_5_SUM,,0.006173142,1.5012726264857041,,
AWAY_FATIGUE_IMPORTANCE_10_MAX,,0.0035057564,0.1072925356679161,,
AWAY_FATIGUE_IMPORTANCE_10_STD,,0.0030865162,0.11861438263440063,,
AWAY_FATIGUE_IMPORTANCE_10_SUM,,0.0035819612,0.28441806685599313,,
AWAY_FATIGUE_IMPORTANCE_3_MAX,,0.002105315,0.11077713688623164,,
AWAY_FATIGUE_IMPORTANCE_3_STD,,0.0027655005,0.2341185965363052,,
AWAY_FATIGUE_IMPORTANCE_3_SUM,,0.0034063833,0.21730522877511227,,
AWAY_FATIGUE_IMPORTANCE_5_MAX,,0.0032115232,0.060768073661092624,,
AWAY_FATIGUE_IMPORTANCE_5_STD,,0.0027176314,0.12634068431420584,,
AWAY_FATIGUE_IMPORTANCE_5_SUM,,0.0040083593,0.18322583227695807,,
AWAY_FATIGUE_SURGE_MAX,,0.0036371597,0.2374666835578496,,
AWAY_FATIGUE_SURGE_SUM,,0.0035854066,0.1555303405019555,,
AWAY_FOUR_FACTOR_EFG_EWMA_10,,0.0034572356,0.11472914979012855,,
AWAY_FOUR_FACTOR_EFG_EWMA_3,,0.0033346883,0.06436262829452949,,
AWAY_FOUR_FACTOR_EFG_EWMA_5,,0.0024533425,0.17940745154842927,,
AWAY_FOUR_FACTOR_EFG_ROLLING_8,,0.0039105895,0.1446701293814073,,
AWAY_FOUR_FACTOR_FTR_EWMA_10,,0.0042019202,0.1405233890724673,,
AWAY_FOUR_FACTOR_FTR_EWMA_3,,0.0034306378,0.29757192256278225,,
AWAY_FOUR_FACTOR_FTR_EWMA_5,,0.0041530896,0.13180042930886765,,
AWAY_FOUR_FACTOR_FTR_ROLLING_8,,0.0037040655,0.3476551173572164,,
AWAY_FOUR_FACTOR_OREB_EWMA_10,,0.0039694044,0.1326733809468942,,
AWAY_FOUR_FACTOR_OREB_EWMA_3,,0.0028125376,0.23312788285866845,,
AWAY_FOUR_FACTOR_OREB_EWMA_5,,0.0022448034,0.12580119315022756,,
AWAY_FOUR_FACTOR_OREB_ROLLING_8,,0.0037609793,0.05840210432680588,,
AWAY_FOUR_FACTOR_TOV_EWMA_10,,0.0032415804,0.17188609483131545,,
AWAY_FOUR_FACTOR_TOV_EWMA_3,,0.0025159335,0.1918411945810308,,
AWAY_FOUR_FACTOR_TOV_EWMA_5,,0.0032360752,0.06354006283194384,,
AWAY_FOUR_FACTOR_TOV_ROLLING_8,,0.002873169,0.09960489369474626,,
AWAY_LINEUP_AVAILABILITY_RATIO,,0.003152276,0.14847098261214975,,
AWAY_LINEUP_MISSING_PRODUCTION,,0.004757786,0.5481903770794101,,
AWAY_OFF_RATING_EWMA_10,,0.004782819,0.1994854098275742,,
AWAY_OFF_RATING_EWMA_3,,0.004359747,0.22894567852543313,,
AWAY_OFF_RATING_EWMA_5,,0.0041646473,0.10684086891993023,,
AWAY_OPP_PRE_GAME_STRENGTH,,0.013607277,0.8364108481496427,,
AWAY_PACE_EWMA_10,,0.0047532273,0.2959715397856672,,
AWAY_PACE_EWMA_3,,0.0033594184,0.0753641878701923,,
AWAY_PACE_EWMA_5,,0.0035068674,0.19728217093323058,,
AWAY_PLAYMAKER_CONCENTRATION_RATIO,,0.0028072423,0.08136110220913235,,
AWAY_PRE_GAME_ELO,,0.022994531,10.886430410374713,,
AWAY_REST_DAYS,,0.007230535,0.597446157265123,,
AWAY_ROAD_TRIP_LENGTH,,0.0032081103,0.3368460884043502,,
AWAY_ROLLING_ACTIVE_ROSTER_FORM_10,,0.0034872936,0.3606000002579834,,
AWAY_ROLLING_OFF_RATING,,0.0029943483,0.1812197276878421,,
AWAY_ROLLING_PACE_8,,0.004940866,0.3530589420262393,,
AWAY_ROLLING_POSS_8,,0.005185304,1.0201421261245978,,
AWAY_ROLLING_PTS_8,,0.0045884526,0.47561421600984743,,
AWAY_ROLLING_STAR_SHARE_10,,0.0028940416,0.06438349371346781,,
AWAY_ROLLING_TOP_2_SHARE_10,,0.0027173725,0.0366673866565202,,
AWAY_SOS_EWMA_10,,0.0026584312,0.13916157673268348,,
AWAY_SOS_EWMA_3,,0.0030655414,0.13247844391661903,,
AWAY_SOS_EWMA_5,,0.0027104141,0.1554489186831876,,
AWAY_SOS_ROLLING_8,,0.0026882964,0.1938344824589991,,
AWAY_SPACING_GRAVITY_INDEX,,0.0032868162,0.11397416036268161,,
DELTA_3_IN_4,-0.0004207573632538875,,,0.010781173890228098,0.20046704
DELTA_4_IN_5,-2.337540906965918e-05,,,0.03383021982850072,0.21475737
DELTA_ACTIVE_ROSTER_BENCH_IMPACT,-0.0015194015895278411,,,0.07200878549154995,0.23537607
DELTA_ACTIVE_ROSTER_BENCH_SHARE,-0.004090696587190301,,,0.02908837415107068,0.23568244
DELTA_ACTIVE_ROSTER_EXPECTED_DBPM,-0.003927068723702692,,,0.02364302617733516,0.06075465
DELTA_ACTIVE_ROSTER_EXPECTED_EFG,-0.004558204768583485,,,0.13940862823939335,0.16208808
DELTA_ACTIVE_ROSTER_EXPECTED_FTR,-0.002851799906498398,,,,
DELTA_ACTIVE_ROSTER_EXPECTED_NET_BPM,-0.0021037868162693206,,,0.005811640354828553,0.033146027
DELTA_ACTIVE_ROSTER_EXPECTED_OBPM,-0.003295932678821911,,,0.021880856849997198,0.07982043
DELTA_ACTIVE_ROSTER_EXPECTED_OREB,-0.00388031790556338,,,0.02880499841285768,0.10582229
DELTA_ACTIVE_ROSTER_EXPECTED_TOV,-0.004464703132304853,,,0.11520038489270008,0.18355498
DELTA_ACTIVE_ROSTER_FORM_MAX,-0.005259467040673255,,,0.03222731888038654,0.0071888263
DELTA_ACTIVE_ROSTER_FORM_STD,-0.0009817671809256967,,,0.11057812991105545,0.507538
DELTA_ACTIVE_ROSTER_FORM_SUM,-0.0023141654978962533,,,0.11030888983382135,0.15675466
DELTA_ACTIVE_ROSTER_ROBUST_FORM_SUM,-0.0017531556802244442,,,0.021295551024131946,0.5047724
DELTA_ACTIVE_ROSTER_STAR_SHARE,-0.0025245441795231694,,,0.13893542402323578,0.13364951
DELTA_ACTIVE_ROSTER_TOP_2_SHARE,-0.006451612903225834,,,0.021778920679179668,0.28093633
DELTA_ACTIVE_ROSTER_TOP_3_SHARE,-0.005025712949976663,,,0.02908837415107068,0.23568216
DELTA_ALTITUDE,-0.002524544179523186,,,0.02685951048835244,0.22397104
DELTA_ELO,0.005142589995324892,,,0.5900664829990104,3.9668658
DELTA_FATIGUE_EWMA_MINUTES_10_MAX,-0.003669939223936447,,,0.012948307512284443,0.008039227
DELTA_FATIGUE_EWMA_MINUTES_10_MEAN,-0.002547919588592823,,,0.1891985475528657,0.33160034
DELTA_FATIGUE_EWMA_MINUTES_10_STD,-0.004277699859747569,,,0.15616299008439946,1.142915
DELTA_FATIGUE_EWMA_MINUTES_10_SUM,-0.005306217858812573,,,0.019387196070124617,0.7019091
DELTA_FATIGUE_EWMA_MINUTES_3_MAX,-0.005236091631603568,,,0.19335319070360393,0.7632066
DELTA_FATIGUE_EWMA_MINUTES_3_MEAN,-0.0005376344086021779,,,0.11251602214193611,1.290391
DELTA_FATIGUE_EWMA_MINUTES_3_STD,-0.004768583450210429,,,0.21261861482842243,0.3633269
DELTA_FATIGUE_EWMA_MINUTES_3_SUM,-0.005025712949976668,,,0.02220236690524729,0.38842866
DELTA_FATIGUE_EWMA_MINUTES_5_MAX,-0.003646563814866793,,,0.23273085381602826,1.0934366
DELTA_FATIGUE_EWMA_MINUTES_5_MEAN,-0.0032725572697522576,,,0.11099474752149528,1.4151103
DELTA_FATIGUE_EWMA_MINUTES_5_STD,-0.0028050490883590904,,,0.01024401298012315,0.6927237
DELTA_FATIGUE_EWMA_MINUTES_5_SUM,-0.004838709677419384,,,0.26566962357281976,2.261433
DELTA_FATIGUE_IMPORTANCE_10_MAX,-0.001963534361851371,,,0.23924169610625312,0.20992786
DELTA_FATIGUE_IMPORTANCE_10_STD,-0.001963534361851371,,,0.08239005669454955,0.35655168
DELTA_FATIGUE_IMPORTANCE_10_SUM,-0.002337540906965907,,,0.2556775282966076,1.8739218
DELTA_FATIGUE_IMPORTANCE_3_MAX,-0.0011687704534829757,,,0.0792444942303895,0.027308298
DELTA_FATIGUE_IMPORTANCE_3_STD,-0.0029686769518466826,,,0.07954652247198148,0.1124612
DELTA_FATIGUE_IMPORTANCE_3_SUM,-0.0029686769518466882,,,0.02934686000684553,0.17122346
DELTA_FATIGUE_IMPORTANCE_5_MAX,-0.0022907900888265885,,,0.03222731888038654,0.007205149
DELTA_FATIGUE_IMPORTANCE_5_STD,-0.0011453950444133055,,,0.11057812991105545,0.50756097
DELTA_FATIGUE_IMPORTANCE_5_SUM,-0.0031556802244039673,,,0.11030888983382135,0.15667036
DELTA_FATIGUE_SURGE_MAX,-0.0031089294062646377,,,0.00949137913913459,0.13686395
DELTA_FATIGUE_SURGE_SUM,-0.004464703132304848,,,0.003314695814271005,0.72368777
DELTA_FOUR_FACTORS_NET_EFG,-0.0014492753623188636,,,0.06993529326758577,0.14238627
DELTA_FOUR_FACTOR_EFG_EWMA_10,-0.0034128097241702127,,,0.04280059698159828,0.46063626
DELTA_FOUR_FACTOR_EFG_EWMA_3,0.0004908835904627983,,,0.1641683906595166,0.19563237
DELTA_FOUR_FACTOR_EFG_EWMA_5,-0.001215521271622283,,,0.11836223026219174,0.048410412
DELTA_FOUR_FACTOR_EFG_ROLLING_8,-0.0021271622253389855,,,0.06993529326758577,0.1424089
DELTA_FOUR_FACTOR_FTR_EWMA_10,-0.004371201496026206,,,0.07534084893254768,0.4318688
DELTA_FOUR_FACTOR_FTR_EWMA_3,-0.00348293595137919,,,0.09116306736486521,0.37539858
DELTA_FOUR_FACTOR_FTR_EWMA_5,-0.0075970079476391115,,,0.10948973309630787,0.23301429
DELTA_FOUR_FACTOR_FTR_ROLLING_8,-0.004628330995792451,,,0.05832538809515764,0.17480068
DELTA_FOUR_FACTOR_OREB_EWMA_10,-0.004301075268817239,,,0.051912956457913786,0.17118594
DELTA_FOUR_FACTOR_OREB_EWMA_3,-0.004768583450210401,,,0.099822360763373,0.24388374
DELTA_FOUR_FACTOR_OREB_EWMA_5,-0.0013791491351098973,,,0.03731868352422053,0.6161873
DELTA_FOUR_FACTOR_OREB_ROLLING_8,0.0005376344086021389,,,0.2770151984221469,0.7870166
DELTA_FOUR_FACTOR_TOV_EWMA_10,-0.0034128097241702183,,,0.12081398617761799,0.55976367
DELTA_FOUR_FACTOR_TOV_EWMA_3,-0.0007246376811594568,,,0.03796049769115768,0.047720224
DELTA_FOUR_FACTOR_TOV_EWMA_5,-0.006895745675549353,,,0.2006227086841536,0.5203272
DELTA_FOUR_FACTOR_TOV_ROLLING_8,0.0006778868630200607,,,0.07579648143505523,0.054875027
DELTA_LINEUP_AVAILABILITY_RATIO,-0.0015895278167368354,,,0.05950554648879028,0.50679725
DELTA_LINEUP_MISSING_PRODUCTION,-0.004207573632538597,,,0.1254715995985709,0.88146925
DELTA_PACE_EWMA_10,-0.001542776998597506,,,0.13903297092492378,0.8416063
DELTA_PACE_EWMA_3,-0.004604955586722803,,,0.0325051987835247,0.36485702
DELTA_PACE_EWMA_5,-0.0009817671809256912,,,0.22286482457368742,0.32799506
DELTA_PLAYMAKER_CONCENTRATION_RATIO,-0.004114071996259972,,,0.06705083538337842,0.056496523
DELTA_ROAD_TRIP_LENGTH,-0.005446470313230511,,,0.06700563312877764,0.22537892
DELTA_ROLLING_OFF_RATING,-0.0036699392239364524,,,0.1439812305007599,0.38358802
DELTA_ROLLING_PACE_8,-0.0010986442262739982,,,0.20328321311750186,0.57515097
DELTA_ROLLING_STAR_SHARE_10,-0.0005610098176718314,,,0.024152026852319583,0.19159432
DELTA_ROLLING_TOP_2_SHARE_10,-0.0018232819074334161,,,0.009017138062396748,0.044541955
DELTA_SOS_ROLLING_8,-0.001168770453482959,,,,
DELTA_SPACING_GRAVITY_INDEX,-0.003856942496493726,,,0.04709928386092872,0.044547655
DELTA_Z_AST_EWMA_10,-0.0018232819074334218,,,0.17944642668486374,0.5202904
DELTA_Z_AST_EWMA_3,-0.0032725572697522576,,,0.11264998324544526,0.17223729
DELTA_Z_AST_EWMA_5,-0.002594670406732158,,,0.21783088997100827,0.36985007
DELTA_Z_AST_ROLLING_8,-0.0017765310892940921,,,0.021528087024350967,0.112322524
DELTA_Z_BLK_EWMA_10,-0.0035296867695185086,,,0.20087399354672802,0.87306815
DELTA_Z_BLK_EWMA_3,-0.00266479663394113,,,0.010982187184944908,0.015878249
DELTA_Z_BLK_EWMA_5,0.0006077606358110943,,,0.10755675766036782,0.41709378
DELTA_Z_BLK_ROLLING_8,-0.0026180458158018226,,,0.0851202231688677,0.24355464
DELTA_Z_DREB_EWMA_10,-0.003482935951379179,,,0.13583016109233406,0.26396874
DELTA_Z_DREB_EWMA_3,-0.004324450677886888,,,0.08648810549878688,0.7575839
DELTA_Z_DREB_EWMA_5,-0.0010986442262739926,,,0.0372381335856984,0.7844542
DELTA_Z_DREB_ROLLING_8,0.001309022907900853,,,0.024549075286828172,0.18151851
DELTA_Z_FG3A_EWMA_10,-0.0013090229079009141,,,0.20949050778700268,0.4733914
DELTA_Z_FG3A_EWMA_3,-0.004067321178120653,,,,
DELTA_Z_FG3A_EWMA_5,-0.0025712949976625043,,,,
DELTA_Z_FG3A_ROLLING_8,-0.0024544179523141975,,,0.07929474446187644,0.5654463
DELTA_Z_FG3M_EWMA_10,-0.004043945769050994,,,0.09020950183665201,0.58269966
DELTA_Z_FG3M_EWMA_3,-0.00021037868162696038,,,0.013646668057573901,0.04166995
DELTA_Z_FG3M_EWMA_5,-0.0032258064516129336,,,0.10948538887068612,0.20778032
DELTA_Z_FG3M_ROLLING_8,-0.0032959326788219055,,,0.13866108216273532,0.40613845
DELTA_Z_FG3_PCT_EWMA_10,-0.008087891538101943,,,0.15118106730822928,0.58020437
DELTA_Z_FG3_PCT_EWMA_3,-0.0023375409069659125,,,0.10458816281689642,0.2528865
DELTA_Z_FG3_PCT_EWMA_5,-0.0036699392239364693,,,0.05768908989138812,0.29347482
DELTA_Z_FG3_PCT_ROLLING_8,-0.004978962131837339,,,0.18260387182064186,0.53881717
DELTA_Z_FGA_EWMA_10,-0.002992052360916353,,,0.04106027086675505,0.31469086
DELTA_Z_FGA_EWMA_3,-0.006030855539971974,,,0.10619094289753077,0.5954443
DELTA_Z_FGA_EWMA_5,-0.001893408134642388,,,0.09616174543075973,0.084893644
DELTA_Z_FGA_ROLLING_8,-9.350163627864782e-05,,,0.10466346474896081,0.24815635
DELTA_Z_FGM_EWMA_10,-0.0016830294530154667,,,0.14334255865809492,0.22212708
DELTA_Z_FGM_EWMA_3,-0.0011220196353436574,,,0.05167677143015907,0.2968566
DELTA_Z_FGM_EWMA_5,0.0016129032258064223,,,0.03542364037485072,0.2867604
DELTA_Z_FGM_ROLLING_8,-0.001028517999065026,,,0.05782439157128081,0.23991972
DELTA_Z_FG_PCT_EWMA_10,-0.00320243104254328,,,0.1912601877168368,0.38832787
DELTA_Z_FG_PCT_EWMA_3,-0.0024310425432445435,,,0.07683835662654549,0.22792007
DELTA_Z_FG_PCT_EWMA_5,-0.0015895278167368243,,,0.0689148537635138,0.5529908
DELTA_Z_FG_PCT_ROLLING_8,-0.006591865357643789,,,0.05618487714817618,0.119282536
DELTA_Z_FTA_EWMA_10,-0.001986909770921019,,,0.0034644421639807264,0.12773332
DELTA_Z_FTA_EWMA_3,-0.0016596540439457962,,,0.0863456892626726,0.45791575
DELTA_Z_FTA_EWMA_5,0.00035063113604484885,,,0.10394451661196732,0.056686543
DELTA_Z_FTA_ROLLING_8,-0.0028284244974287388,,,0.0038412769869467568,0.44534284
DELTA_Z_FTM_EWMA_10,-0.0026881720430107945,,,0.008176167742378655,0.08713955
DELTA_Z_FTM_EWMA_3,-0.007597007947639128,,,0.08609375241166045,0.5633868
DELTA_Z_FTM_EWMA_5,-0.0018232819074334105,,,0.007371319685423178,0.7544006
DELTA_Z_FTM_ROLLING_8,-0.0018466573165030697,,,0.05532221944979304,0.05524803
DELTA_Z_FT_PCT_EWMA_10,-0.003085553997194984,,,0.25413530107022164,0.52169424
DELTA_Z_FT_PCT_EWMA_3,-0.0028985507246377163,,,0.0963476133012783,0.0049487804
DELTA_Z_FT_PCT_EWMA_5,-0.004371201496026206,,,0.06216574824148749,0.111570835
DELTA_Z_FT_PCT_ROLLING_8,-0.0032024310425432857,,,0.05481964538361615,0.19255222
DELTA_Z_OREB_EWMA_10,-0.0021037868162693206,,,0.13436189926025208,0.15535317
DELTA_Z_OREB_EWMA_3,-0.00021037868162694927,,,0.14419554924465425,0.84860903
DELTA_Z_OREB_EWMA_5,-0.0017064048620851146,,,0.035426048169260246,0.123350024
DELTA_Z_OREB_ROLLING_8,-0.0061711079943899405,,,0.1799008594719413,0.67379904
DELTA_Z_PF_EWMA_10,-0.008087891538101938,,,0.16206179241233007,0.22244084
DELTA_Z_PF_EWMA_3,-0.001799906498363757,,,0.013347522828255656,0.22937417
DELTA_Z_PF_EWMA_5,-0.005680224403927103,,,0.06264832403809513,0.1771217
DELTA_Z_PF_ROLLING_8,-0.005095839177185635,,,0.05794410032498908,0.07972624
DELTA_Z_PLUS_MINUS_EWMA_10,-0.0015895278167368243,,,0.271203500925603,1.8291622
DELTA_Z_PLUS_MINUS_EWMA_3,-0.0016362786348761316,,,0.10071319195663515,0.48110253
DELTA_Z_PLUS_MINUS_EWMA_5,-0.004371201496026211,,,0.13939344439583015,0.86381096
DELTA_Z_PLUS_MINUS_ROLLING_8,-0.004301075268817234,,,0.0434295268288192,0.54235816
DELTA_Z_PTS_EWMA_10,-0.0025712949976624986,,,0.06614515907940954,0.12948854
DELTA_Z_PTS_EWMA_3,-0.0009583917718560431,,,0.00045069102049021,0.04457975
DELTA_Z_PTS_EWMA_5,-0.002758298270219767,,,0.007940338428691213,0.35665607
DELTA_Z_PTS_ROLLING_8,-0.0022907900888265885,,,0.04528287275516812,0.13676615
DELTA_Z_REB_EWMA_10,-0.0022907900888265885,,,0.0027827047682295277,0.3555406
DELTA_Z_REB_EWMA_3,-0.002594670406732147,,,0.010701041954975558,0.13389637
DELTA_Z_REB_EWMA_5,-0.0013791491351099027,,,0.0255187616809027,0.51417994
DELTA_Z_REB_ROLLING_8,-0.004137447405329636,,,0.11849328186418659,0.36528215
DELTA_Z_STL_EWMA_10,-0.001285647498831266,,,0.07072375996067916,0.33983934
DELTA_Z_STL_EWMA_3,0.0003973819541841617,,,0.11199625365157859,0.13221228
DELTA_Z_STL_EWMA_5,-0.0035764375876578157,,,0.060507464046055615,0.058337003
DELTA_Z_STL_ROLLING_8,-0.0006778868630201329,,,0.015137117209167899,0.38803005
DELTA_Z_TOV_EWMA_10,-0.0026647966339411354,,,0.2681628881077346,0.72838163
DELTA_Z_TOV_EWMA_3,-0.006311360448807896,,,0.13852992211086054,0.051433627
DELTA_Z_TOV_EWMA_5,0.0007713884992987197,,,0.11141603992346533,0.47432888
DELTA_Z_TOV_ROLLING_8,-0.003786816269284754,,,0.05865745455170707,0.099142805
EMBED_DELTA_1_MAX,-0.005165965404394618,,0.24357025694371576,,
EMBED_DELTA_1_MEAN,0.0010752688172042668,0.055380136,6.2119578549056635,,
EMBED_DELTA_1_STD,-0.002734922861150113,0.008346197,1.287994750182611,,
EMBED_DELTA_1_SUM,0.005282842449742831,0.032246314,3.865174579113258,,
EMBED_DELTA_2_MAX,-0.002547919588592845,0.00395749,0.3539228949870186,,
EMBED_DELTA_2_MEAN,-0.0010986442262739871,0.0030176158,0.18112945876582237,,
EMBED_DELTA_2_STD,-0.0032491818606825928,0.0037195303,0.3469447964692733,,
EMBED_DELTA_2_SUM,-0.0014726507713885395,0.0029623895,0.1603950694579933,,
EMBED_DELTA_3_MAX,-0.0021972884525479574,0.0040722806,0.05688759845725019,,
EMBED_DELTA_3_MEAN,-0.005329593267882221,0.0057994914,0.4403167201363645,,
EMBED_DELTA_3_STD,-0.0016129032258064891,0.003081323,0.14251571158022175,,
EMBED_DELTA_3_SUM,-0.004698457223001435,0.004997747,0.4233449806889468,,
EMBED_DELTA_4_MAX,-0.0029920523609163474,0.0026387486,0.1560052711896203,,
EMBED_DELTA_4_MEAN,-0.0017064048620851202,0.010356327,2.2250927347773732,,
EMBED_DELTA_4_STD,-0.001028517999065015,0.003144019,0.3667537781126164,,
EMBED_DELTA_4_SUM,-0.0025011687704535267,0.011088737,1.7206518418131183,,
EMBED_DELTA_5_MAX,-0.005586722767648461,0.0051811137,0.5680542306697047,,
EMBED_DELTA_5_MEAN,-0.004160822814399284,0.006282216,0.9474145174417753,,
EMBED_DELTA_5_STD,-0.0028284244974287388,0.002827326,0.05481162943649614,,
EMBED_DELTA_5_SUM,-0.004254324450677921,0.0064339526,1.00505733815121,,
EMBED_DELTA_6_MAX,-0.0018700327255727288,0.003298527,0.32046480355248325,,
EMBED_DELTA_6_MEAN,-0.007059373539036973,0.0034428372,0.12042315697179662,,
EMBED_DELTA_6_STD,-0.005049088359046316,0.0037871697,0.2688521394286317,,
EMBED_DELTA_6_SUM,-0.002992052360916353,0.003008326,0.1920923206724298,,
EMBED_DELTA_7_MAX,-0.004067321178120653,0.0037461098,0.33844556040368157,,
EMBED_DELTA_7_MEAN,-0.0072697522206638995,0.00295862,0.15593648371101912,,
EMBED_DELTA_7_STD,-0.0027115474520804537,0.003312025,0.24674162424571747,,
EMBED_DELTA_7_SUM,-0.0024777933613838675,0.0029586768,0.17754843459267391,,
EMBED_DELTA_8_MAX,-0.004862085086489049,0.00406773,0.2809547613602072,,
EMBED_DELTA_8_MEAN,-0.00724637681159423,0.004797045,0.8038169707715908,,
EMBED_DELTA_8_STD,-0.00257129499766251,0.0032112075,0.23184580805326702,,
EMBED_DELTA_8_SUM,-0.00374006545114543,0.005025818,0.5661427616150261,,
EMBED_RAW_DELTA_1_MAX,-0.0059139784946236895,0.010315061,1.175852840204946,,
EMBED_RAW_DELTA_1_STD,-0.003856942496493715,0.0055704936,0.836641720769711,,
EMBED_RAW_DELTA_2_MAX,-0.0025946704067321526,0.004146142,0.2577501549015134,,
EMBED_RAW_DELTA_2_STD,-0.0030855539971950006,0.003013575,0.1857793048694078,,
EMBED_RAW_DELTA_3_MAX,-0.0008882655446470599,0.004644774,0.1543337490687733,,
EMBED_RAW_DELTA_3_STD,-0.0010051425899953558,0.0035653966,0.12621812917885394,,
EMBED_RAW_DELTA_4_MAX,-0.0022907900888265885,0.003055468,0.11100632649407635,,
EMBED_RAW_DELTA_4_STD,-0.0015194015895278411,0.0027008003,0.21453171782281155,,
EMBED_RAW_DELTA_5_MAX,-0.002968676951846694,0.0039819744,0.188640030490538,,
EMBED_RAW_DELTA_5_STD,-0.0016596540439458185,0.003033588,0.11496392926100235,,
EMBED_RAW_DELTA_6_MAX,-0.002524544179523175,0.0028779756,0.24407392411236156,,
EMBED_RAW_DELTA_6_STD,-0.006007480130902304,0.0026365775,0.14379643717474425,,
EMBED_RAW_DELTA_7_MAX,-0.00388031790556338,0.002818263,0.12792793099108415,,
EMBED_RAW_DELTA_7_STD,-0.004207573632538602,0.0032427735,0.1478315578748941,,
EMBED_RAW_DELTA_8_MAX,-0.003272557269752269,0.004022881,0.19896586814790207,,
EMBED_RAW_DELTA_8_STD,-0.0024544179523141975,0.0026393337,0.07170314941882239,,
HOME_3_IN_4,,0.001503506,0.026401539745884977,,
HOME_4_IN_5,,0.0011869362,0.04998788675194703,,
HOME_ACTIVE_ROSTER_BENCH_IMPACT,,0.0031970255,0.14159579928842864,,
HOME_ACTIVE_ROSTER_BENCH_SHARE,,0.0030621134,0.14748547107125062,,
HOME_ACTIVE_ROSTER_EXPECTED_DBPM,,0.0024649114,0.17224898216470358,,
HOME_ACTIVE_ROSTER_EXPECTED_EFG,,0.0035363198,0.13163073611073592,,
HOME_ACTIVE_ROSTER_EXPECTED_FTR,,0.0031163634,0.13159215556028503,,
HOME_ACTIVE_ROSTER_EXPECTED_NET_BPM,,0.0036894928,0.15801220615758402,,
HOME_ACTIVE_ROSTER_EXPECTED_OBPM,,0.0036199568,0.28344533402848315,,
HOME_ACTIVE_ROSTER_EXPECTED_OREB,,0.0031380786,0.1879150700564821,,
HOME_ACTIVE_ROSTER_EXPECTED_TOV,,0.003123105,0.1496176822931088,,
HOME_ACTIVE_ROSTER_FORM_MAX,,0.0032124182,0.29925780295590454,,
HOME_ACTIVE_ROSTER_FORM_STD,,0.002654687,0.056821319945764434,,
HOME_ACTIVE_ROSTER_FORM_SUM,,0.0031585488,0.3501480442194952,,
HOME_ACTIVE_ROSTER_ROBUST_FORM_MAX,,0.00330445,0.3968023387098054,,
HOME_ACTIVE_ROSTER_ROBUST_FORM_SUM,,0.003304121,0.23878929161953827,,
HOME_ACTIVE_ROSTER_STAR_SHARE,,0.0026556158,0.0871603796244072,,
HOME_ACTIVE_ROSTER_TOP_2_SHARE,,0.0030027097,0.13486287533485702,,
HOME_ACTIVE_ROSTER_TOP_3_SHARE,,0.0034155378,0.2517276796936327,,
HOME_ALTITUDE,,0.0039435276,0.33554570331693506,,
HOME_B2B,-0.001168770453482959,0.006523842,0.19438284709759293,,
HOME_FATIGUE_EWMA_MINUTES_10_MAX,,0.0034077964,0.11907286229050679,,
HOME_FATIGUE_EWMA_MINUTES_10_MEAN,,0.00580809,0.9938448283949699,,
HOME_FATIGUE_EWMA_MINUTES_10_STD,,0.003998919,0.22827803629523086,,
HOME_FATIGUE_EWMA_MINUTES_10_SUM,,0.0041218065,0.14617358916724404,,
HOME_FATIGUE_EWMA_MINUTES_3_MAX,,0.0033289324,0.3475808338601112,,
HOME_FATIGUE_EWMA_MINUTES_3_MEAN,,0.006934215,0.879026370848661,,
HOME_FATIGUE_EWMA_MINUTES_3_STD,,0.0040072487,0.3261672897733894,,
HOME_FATIGUE_EWMA_MINUTES_3_SUM,,0.0040027234,0.4044372165512076,,
HOME_FATIGUE_EWMA_MINUTES_5_MAX,,0.0030593448,0.2217327834771977,,
HOME_FATIGUE_EWMA_MINUTES_5_MEAN,,0.0052011567,0.8274861930143071,,
HOME_FATIGUE_EWMA_MINUTES_5_STD,,0.003836089,0.3776923933688118,,
HOME_FATIGUE_EWMA_MINUTES_5_SUM,,0.0038616,0.41880805735251636,,
HOME_FATIGUE_IMPORTANCE_10_MAX,,0.0031206864,0.1963971910899088,,
HOME_FATIGUE_IMPORTANCE_10_STD,,0.003946874,0.09648340721922864,,
HOME_FATIGUE_IMPORTANCE_10_SUM,,0.0044918726,0.11658186644225586,,
HOME_FATIGUE_IMPORTANCE_3_MAX,,0.0028152668,0.05961901404592526,,
HOME_FATIGUE_IMPORTANCE_3_STD,,0.0024878527,0.26791732247378275,,
HOME_FATIGUE_IMPORTANCE_3_SUM,,0.002435153,0.06438355903155683,,
HOME_FATIGUE_IMPORTANCE_5_MAX,,0.004027946,0.0,,
HOME_FATIGUE_IMPORTANCE_5_STD,,0.0042957827,0.08254429186008837,,
HOME_FATIGUE_IMPORTANCE_5_SUM,,0.0029848034,0.22946081349693506,,
HOME_FATIGUE_SURGE_MAX,,0.0031086176,0.05832611502783266,,
HOME_FATIGUE_SURGE_SUM,,0.0040217587,0.29009816273328604,,
HOME_FOUR_FACTOR_EFG_EWMA_10,,0.003395989,0.18685561664419084,,
HOME_FOUR_FACTOR_EFG_EWMA_3,,0.003620768,0.09648691678969407,,
HOME_FOUR_FACTOR_EFG_EWMA_5,,0.0027593963,0.228530826547134,,
HOME_FOUR_FACTOR_EFG_ROLLING_8,,0.0030614787,0.1547882901106419,,
HOME_FOUR_FACTOR_FTR_EWMA_10,,0.0030153613,0.097145644159319,,
HOME_FOUR_FACTOR_FTR_EWMA_3,,0.0029510774,0.09348192087342572,,
HOME_FOUR_FACTOR_FTR_EWMA_5,,0.0028381157,0.14508731121633417,,
HOME_FOUR_FACTOR_FTR_ROLLING_8,,0.0030379838,0.021084058057425484,,
HOME_FOUR_FACTOR_OREB_EWMA_10,,0.004091013,0.40613931054320085,,
HOME_FOUR_FACTOR_OREB_EWMA_3,,0.0031392237,0.22131014204248675,,
HOME_FOUR_FACTOR_OREB_EWMA_5,,0.003721853,0.3024438811388603,,
HOME_FOUR_FACTOR_OREB_ROLLING_8,,0.004325363,0.3340232198332154,,
HOME_FOUR_FACTOR_TOV_EWMA_10,,0.0024445385,0.02599302314231411,,
HOME_FOUR_FACTOR_TOV_EWMA_3,,0.002672553,0.10121488396992089,,
HOME_FOUR_FACTOR_TOV_EWMA_5,,0.0027657151,0.14500928373228297,,
HOME_FOUR_FACTOR_TOV_ROLLING_8,,0.003258117,0.054030906836257,,
HOME_LINEUP_AVAILABILITY_RATIO,,0.0035520128,0.46072279815020445,,
HOME_LINEUP_MISSING_PRODUCTION,,0.003819351,0.29382150048856565,,
HOME_OFF_RATING_EWMA_10,,0.003407207,0.2887175399398807,,
HOME_OFF_RATING_EWMA_3,,0.0025987325,0.08190943678718772,,
HOME_OFF_RATING_EWMA_5,,0.003596225,0.0415129935933272,,
HOME_OPP_PRE_GAME_STRENGTH,,0.011812395,0.7002057060302718,,
HOME_PACE_EWMA_10,,0.0050619305,0.4189884451609612,,
HOME_PACE_EWMA_3,,0.004674562,0.5104563992706561,,
HOME_PACE_EWMA_5,,0.0049013803,0.4735940886097735,,
HOME_PLAYMAKER_CONCENTRATION_RATIO,,0.0030063721,0.11177661734211557,,
HOME_PRE_GAME_ELO,,0.031590477,13.246825159207837,,
HOME_REST_DAYS,,0.0039533214,0.09783347608171536,,
HOME_ROAD_TRIP_LENGTH,,0.0,0.0,,
HOME_ROLLING_ACTIVE_ROSTER_FORM_10,,0.004593539,0.20475503673875897,,
HOME_ROLLING_OFF_RATING,,0.0034400271,0.15984214647281786,,
HOME_ROLLING_PACE_8,,0.0049360017,0.47048137282502145,,
HOME_ROLLING_POSS_8,,0.0048813988,0.15860755923093048,,
HOME_ROLLING_PTS_8,,0.0036035385,0.13048632223285636,,
HOME_ROLLING_STAR_SHARE_10,,0.0029414496,0.22644648568943868,,
HOME_ROLLING_TOP_2_SHARE_10,,0.0029478243,0.08732007993906925,,
HOME_SOS_EWMA_10,,0.0029994913,0.045680622460176984,,
HOME_SOS_EWMA_3,,0.002767996,0.17748184864780298,,
HOME_SOS_EWMA_5,,0.002537409,0.15433454894977483,,
HOME_SOS_ROLLING_8,,0.0025866444,0.12903037842278722,,
HOME_SPACING_GRAVITY_INDEX,,0.003920889,0.12582288117729032,,
MATCHUP_EXPECTED_PACE,-0.001940158952781712,0.003129429,0.15458966138100225,0.04816645586774631,0.12571092
REST_ADVANTAGE,4.675081813931836e-05,0.005070099,0.43216929849783997,0.004661325015673432,0.086216465
SEASON_YEAR,-0.0006311360448807979,0.0038143918,0.29348152893053914,0.015101329527502629,0.48276377
